{
    "success": true,
    "terms": "https:\/\/currencylayer.com\/terms",
    "privacy": "https:\/\/currencylayer.com\/privacy",
    "timestamp": 1586363706,
    "source": "USD",
    "quotes": {
        "USDAED": 3.672991,
        "USDAFN": 76.250258,
        "USDALL": 116.102337,
        "USDAMD": 496.579782,
        "USDANG": 1.790331,
        "USDAOA": 559.556999,
        "USDARS": 65.162339,
        "USDAUD": 1.60591,
        "USDAWG": 1.8,
        "USDAZN": 1.707578,
        "USDBAM": 1.799374,
        "USDBBD": 2.019504,
        "USDBDT": 84.97239,
        "USDBGN": 1.80081,
        "USDBHD": 0.377649,
        "USDBIF": 1900,
        "USDBMD": 1,
        "USDBND": 1.427296,
        "USDBOB": 6.896361,
        "USDBRL": 5.170499,
        "USDBSD": 1.00023,
        "USDBTC": 0.000137,
        "USDBTN": 76.218191,
        "USDBWP": 12.05796,
        "USDBYN": 2.550071,
        "USDBYR": 19600,
        "USDBZD": 2.000368,
        "USDCAD": 1.40376,
        "USDCDF": 1711.000061,
        "USDCHF": 0.971675,
        "USDCLF": 0.030975,
        "USDCLP": 854.799746,
        "USDCNY": 7.066023,
        "USDCOP": 3888.15,
        "USDCRC": 572.61143,
        "USDCUC": 1,
        "USDCUP": 26.5,
        "USDCVE": 101.65017,
        "USDCZK": 24.91605,
        "USDDJF": 177.719382,
        "USDDKK": 6.87253,
        "USDDOP": 54.402652,
        "USDDZD": 126.790211,
        "USDEGP": 15.751799,
        "USDERN": 15.000405,
        "USDETB": 33.049683,
        "USDEUR": 0.920955,
        "USDFJD": 2.297502,
        "USDFKP": 0.806163,
        "USDGBP": 0.806098,
        "USDGEL": 3.180083,
        "USDGGP": 0.806163,
        "USDGHS": 5.774958,
        "USDGIP": 0.806163,
        "USDGMD": 51.000091,
        "USDGNF": 9442.000093,
        "USDGTQ": 7.721606,
        "USDGYD": 209.01605,
        "USDHKD": 7.751785,
        "USDHNL": 24.909824,
        "USDHRK": 7.022196,
        "USDHTG": 95.39629,
        "USDHUF": 329.579955,
        "USDIDR": 16107.55,
        "USDILS": 3.59079,
        "USDIMP": 0.806163,
        "USDINR": 75.884979,
        "USDIQD": 1190.5,
        "USDIRR": 42105.000244,
        "USDISK": 143.480135,
        "USDJEP": 0.806163,
        "USDJMD": 135.39261,
        "USDJOD": 0.708981,
        "USDJPY": 108.702983,
        "USDKES": 105.91018,
        "USDKGS": 84.871303,
        "USDKHR": 4064.999911,
        "USDKMF": 453.149774,
        "USDKPW": 900.044891,
        "USDKRW": 1216.520302,
        "USDKWD": 0.31147,
        "USDKYD": 0.833433,
        "USDKZT": 435.96301,
        "USDLAK": 8966.999948,
        "USDLBP": 1515.000311,
        "USDLKR": 193.564101,
        "USDLRD": 197.999974,
        "USDLSL": 18.179718,
        "USDLTL": 2.95274,
        "USDLVL": 0.60489,
        "USDLYD": 1.420253,
        "USDMAD": 10.260501,
        "USDMDL": 18.403698,
        "USDMGA": 3752.000304,
        "USDMKD": 56.726847,
        "USDMMK": 1439.476804,
        "USDMNT": 2783.552779,
        "USDMOP": 7.986971,
        "USDMRO": 357.000307,
        "USDMUR": 39.302919,
        "USDMVR": 15.410046,
        "USDMWK": 734.999755,
        "USDMXN": 24.094525,
        "USDMYR": 4.347499,
        "USDMZN": 66.920159,
        "USDNAD": 18.180195,
        "USDNGN": 367.000232,
        "USDNIO": 34.15025,
        "USDNOK": 10.299495,
        "USDNPR": 121.94956,
        "USDNZD": 1.662315,
        "USDOMR": 0.38496,
        "USDPAB": 1.000138,
        "USDPEN": 3.347501,
        "USDPGK": 3.417501,
        "USDPHP": 50.472501,
        "USDPKR": 167.529774,
        "USDPLN": 4.17685,
        "USDPYG": 6478.310898,
        "USDQAR": 3.640498,
        "USDRON": 4.450502,
        "USDRSD": 108.289732,
        "USDRUB": 75.4741,
        "USDRWF": 935,
        "USDSAR": 3.761088,
        "USDSBD": 8.338545,
        "USDSCR": 14.700599,
        "USDSDG": 55.249944,
        "USDSEK": 10.06764,
        "USDSGD": 1.42629,
        "USDSHP": 0.806163,
        "USDSLL": 9745.000294,
        "USDSOS": 585.49996,
        "USDSRD": 7.457993,
        "USDSTD": 22052.77227,
        "USDSVC": 8.751092,
        "USDSYP": 513.006843,
        "USDSZL": 18.180278,
        "USDTHB": 32.719699,
        "USDTJS": 10.232025,
        "USDTMT": 3.51,
        "USDTND": 2.88875,
        "USDTOP": 2.342602,
        "USDTRY": 6.774019,
        "USDTTD": 6.758084,
        "USDTWD": 30.116024,
        "USDTZS": 2313.481507,
        "USDUAH": 27.279543,
        "USDUGX": 3805.7868,
        "USDUSD": 1,
        "USDUYU": 43.654262,
        "USDUZS": 9594.999728,
        "USDVEF": 9.987499,
        "USDVND": 23632.5,
        "USDVUV": 125.181396,
        "USDWST": 2.788827,
        "USDXAF": 603.55625,
        "USDXAG": 0.066696,
        "USDXAU": 0.000606,
        "USDXCD": 2.70255,
        "USDXDR": 0.734528,
        "USDXOF": 604.000369,
        "USDXPF": 110.202842,
        "USDYER": 250.349832,
        "USDZAR": 18.251499,
        "USDZMK": 9001.201945,
        "USDZMW": 18.803809,
        "USDZWL": 322.000001
    }
}
